combo_compact,sequence_aa,sequence_hash,global_score,junction_mean,junction_min,junction_01,junction_02,junction_03,junction_04,junction_05,junction_06,junction_07,junction_08,junction_09,junction_10,student_rank_score,teacher_cache_hit
MLLFALMFALA,EEKGSMGIHGVPAALFQDFTHLYPLSKTVRFELKPQGGKTQENIDNKRLLVEDEKRAEDYKGVKKLLDRYYLSFINDVLHSIKLKNLNNYISLFRKKTRTEKENKELENLEINLRKEIAKAFKGNEGYKSLFKKDIIETILPEFLDDKDEIALVNSFNGFTTAFTGFFDNRENMFSEEAKSTSIAFRCINENLTRYISNMDIFEKVDAIFDKHEVQEIKEKILNSDYDVEDFFEGEFFNFVLTQEGIDVYNAIIGGFVTESGEKIKGLNEYINLYNQKTKQKLPKFKPLYKQVLSDRESLSSFYGEGYTSDEEVLEVFRNTLNKNSEIFSSIKKLEKLFKNFDEYSSAGIFVKNGPAISTISKDIFGEWNVIRDKWNAEYDDIHLKKKAVVTEKYEDDRRKSFKKIGSFSLEQLQEYADADLSVVEKLKEIIIQKVDEIYKVYGSSEKLFDADFVLEKSLKKNDAVVAIMKDLLDSVKSFENYIKAFFGEGKETNRDESFYGDFVLAYDILLKVDHIYDAIRNYVTQKPPYSDEKFKLNFENSTLANGWDKNKEPDNTAILFIKDDKYYLGVMNKKNNKIFDDKAIKENKGEGYKKIVYKLLPDAAKMIPKCSTQLKAVTAHFQTHTTPILLSNNFIEPLEITKEIYDLNNPEKEPKKFQTAYAKKTGDQKGYREALCKWIDFTRDFLSKYTKTTSIDLSSLRPSSQYKDLGEYYAELNPLLYYKVSFESASKKEVDKLVEEGKLYMFQIYNKDFSDKSHGTPNLHTMYFKLLFDENNHGQIRLSGGAELFMRRASLKKEELVVHPANSPIANKNPDNPKKTTTLSYDVYKDKRFSEDQYELHIPITMNFGVQGMTIKEFNKKVNQSIQQYDEVNVIGIDRGERHLLYLTVINSKGEILEQRSLNDITTASANGTQVTTYHDKLAAIEKDRDSARKDWWSVVGTIKDLKQGYLSQVIHEIVDLMIHYQAVVVLENLNFGFKSKRTGIAEKAVYQQFEKMLIDKLNCLVLKDYPAEKVGGVLNPYQLTDQFTSFAKMGTQSGFLFYVPAAWLTSKIDPSTGFVNLLKTKYTSIADSKKFISSFDRIMYVPEEDLFEFALDYKNFSRTDADYIKKWKLYSYGNRIRIFRNPKKNNVFDWEEVCLTSAYKELFNKYGINYQQGDIRALLCEQSDKAFYSSFMALMSLMLQMRNSITGRTDVDFLISPVKNSDGIFYDSRNYEAQENAILPKNADANGAYHIALKGQLLLNHLKESKDLKLQNGISNQDWLAYIQELRN,54be3916e01c3f2a1c415ae2e41da85fbc12382d83ade71b1e9c1451d19f532d,-19.175064921098375,-28.81397473653157,-37.96759141286214,-37.96759141286214,-30.514144452412925,-28.109336789449056,-27.8063325881958,-26.911341603597005,-26.46627076466878,-27.45692869822184,-27.62475452423096,-27.394275093078612,-27.88877143859863,-6.515046309256086,False
FLLFFLLFMFM,MSIYQEFVNKYSLSKTLRFELIPQGGKTQENIDNKRLLVEDEKRAEDYKGVKKLLDRYYLSFINDVLHSIKLKNLNNYISLFRKKTRTEKENKELENLEINLRKEIAKAFKGNEGYKSLFKKDIIETILPEFLDDKDEIALVNSFNGFTTAFTGFFDNRENMFSEEAKSTSIAFRCINENLTRYISNMDIFEKVDAIFDKHEVQEIKEKILNSDYDVEDFFEGEFFNFVLTQEGIDVYNAIIGGFVTESGEKIKGLNEYINLYNQKTKQKLPKFKPLYKQVLSDRESLSSFYGEGYTSDEEVLEVFRNTLNKNSEIFSSIKKLEKLFKNFDEYSSAGIFVKNGPAISTISKDIFGEWNVIRDKWNAEYDDIHLKKKAVVTEKYEDDRRKSFKKIGSFSLEQLQEYADADLSVVEKLKEIIIQKVDEIYKVYGSSEKLFDADFVLEKSLKKNDAVVAIMKDLLDSVKSFENYIKAFFGEGKETNRDESFYGDFVLAYDILLKVDHIYDAIRNYVTQKPPYSDEKFKLNFENSTLANGWDKNKEPDNTAILFIKDDKYYLGVMNKKNNKIFDDKAIKENKGEGYKKIVYKLLPGANKMLPKVFFSAKSIKFYNPSEDILRIRNHSTHTKNGSPQKGYEKFEFNIEDCRKFIDFYKQSISKHPEWKDFGFRFSDTQRYNSIDEFYREVENQGYYKVSFESASKKEVDKLVEEGKLYMFQIYNKDFSDKSHGTPNLHTMYFKLLFDENNHGQIRLSGGAELFMRRASLKKEELVVHPANSPIANKNPDNPKKTTTLSYDVYKDKRFSEDQYELHIPIAINKCPKNIFKINTEVRVLLKHDDNPYVIGIDRGERNLLYIVVVDGKGNIVEQYSLNEIINNFNGIRIKTDYHDKLAAIEKDRDSARKDWWGEIETIKELKSGYLSHVVHQINQLMLKYNAIVVLEDLNFGFKRGRFKVEKQIYQNFENALIKKLNHLVLKDKADDEIGSYKNALQLTNNFTDLKSIGKQTGFLFYVPAAGFTSKICPVTGFVNQLYPKYESVSKSQEFFSKFDKICYNLDKGYFEFSFDYKNFGDKAAKGKWTIASFGSRLINFRNSDKNHNWDTREVYPTKELEKLLKDYSIEYGHGECIKAAICGESDKKFFAKLTSVLNTILQMRNSKTGTELDYLISPVADVNGNFFDSRQAPKNMPQDADANGAYHIALKGLWLLNELKNSDDLNKVKLAIDNQTWLNFAQNR,c8337ad23defe0f050db134324ea2de6c9c3bb587c453adaff0d43170f9c803f,-19.26402427712463,-29.053374493916827,-39.96994946797689,-39.96994946797689,-30.375850995381672,-28.252247047424316,-28.000955200195314,-27.190478897094728,-27.358670488993326,-26.982574017842612,-27.251300938924153,-27.378290685017905,-27.773427200317382,-6.5174325520006615,False
ALAMMLAFALA,MTQFEGFTNLYQVSKTLRFELIPQGGKTQENIDNKRLLVEDEKRAEDYKGVKKLLDRYYLSFINDVLHSIKLKNLNNYISLFRKKTRTEKENKELENLEINLRKEIAKAFKGNEGYKSLFKKDIIETILPEFLDDKDEIALVNSFNGFTTAFTGFFDNRENMFSEEAKSTSIAFRCINENLTRYISNMDIFEKVDAIFDKHEVQEIKEKILNSDYDVEDFFEGEFFNFVLTQEGIDVYNAIIGGFVTESGEKIKGLNEYINLYNQKTKQKLPKFKPLYKQVLSDRESLSSFILEEFKSDEEVIQSFCKYKTLLRNENVLETAEALFNELNSIDLTHIFISHKKLETISSALCDHWDTLRNALYERRISELTGKITKSAKEKVQRSLKHEDINLQEIISAAGKELSEAFKQKTSEILSHAHAALDQPLPTTLKKQEEKEILKSQLDSLLGLYHLLDWFAVDESNEVDPEFSARLTGIKLEMEPSLSFYNKARNYATKKPPFSTEKYKLNFGNPTLLNGWDLNKEKDNFGVILQKDGCYYLALLDKAHKKVFDNAPNTGKNVYQKMVYKLLPGPNKMLPKVFFAKSNLDYYNPSAELLDKYAKGTHKKGDNFNLKDCHALIDFFKAGINKHPEWQHFGFKFSPTSSYRDLSDFYREVEPQGYYKVSFESASKKEVDKLVEEGKLYMFQIYNKDFSDKSHGTPNLHTMYFKLLFDENNHGQIRLSGGAELFMRRASLKKEELVVHPANSPIANKNPDNPKKTTTLSYDVYKDKRFSEDQYELHIPITLNYQAANSPSKFNQRVNAYLKEHPETPIIGIDRGERNLIYITVIDSTGKILEQRSLNTIQQFDYHDKLAAIEKDRDSARKDWWSVVGTIKDLKQGYLSQVIHEIVDLMIHYQAVVVLENLNFGFKSKRTGIAEKAVYQQFEKMLIDKLNCLVLKDYPAEKVGGVLNPYQLTDQFTSFAKMGTQSGFLFYVPAAWLTSKIDPSTGFVNLLKTKYTSIADSKKFISSFDRIMYVPEEDLFEFALDYKNFSRTDADYIKKWKLYSYGNRIRIFRNPKKNNVFDWEEVCLTSAYKELFNKYGINYQQGDIRALLCEQSDKAFYSSFMALMSLMLQMRNSITGRTDVDFLISPVKNSDGIFYDSRNYEAQENAILPKNADANGAYHIALKGQLLLNHLKESKDLKLQNGISNQDWLAYIQELRN,ee57cdda349bef03b4952a1a0dc42a67d3bcbd2db2f9f06ad813ad0d9235e4c0,-19.248059211463083,-29.078274052937832,-40.681619517008464,-40.681619517008464,-30.221894200642904,-27.947628275553384,-28.116853841145833,-27.030997721354165,-27.14276014963786,-27.000257364908855,-27.773627090454102,-27.248739433288574,-27.618362935384116,-6.518095610343904,False
FFMMLMAFAML,MSIYQEFVNKYSLSKTLRFELIPQGGKTLENIKARGLILDDEKRAKDYKKAKQIIDKYHQFFIEEILSSVCISEDLLQNYSDVYFKLKKSDDDNLQKDFKSAKDTIKKQISEYIKDSEKFKNLFNQNLIDAKKGQESDLILWLKQSKDNGIELFKANSDITDIDEALEIIKSFKGWTTYFKGFHENRKNVYSSNDIPTSIIYRIVDDNLPKFLENKAKYESLKDKAPEAINYEQIKKDLAEELTFDIDYKTSEVNQRVFSLDEVFEIANFNNYLNQSGITKFNTIIGGKFVNGENTKRKGINEYINLYSQQINDKTLKKYKMSVLFKQILSDTESKSSFLPSKFADDSEMCQAVNEFYRHYTDVFAKVQSLFDGFDDHQKDGIYVEHKNLNELSKQAFGDFALLGRVLDGYYVDVVNPEFNERFAKAKTDNAKAKLTKEKDKFIKGVHSLASLEQAIEHHTARHDDESVQAGKLGQYFKHGLAGVDNPIQKIHNNHSTIKGFLERERPAGERALPKIKSGKNPEMTQLRQLKELLDNALNVAHFAKLLTTKTTLDNQDGNFYGEFGVLYDELAKIPTLYNKVRDYLSQKPPFSTEKYKLNFGNPTLLNGWDLNKEKDNFGVILQKDGCYYLALLDKAHKKVFDNAPNTGKNVYQKMVYKLLPGPNKMLPKVFFSKKWMAYYNPSEDIQKIYKNGTFKKGDMFNLNDCHKLIDFFKDSISRYPKWSNAYDFNFSETEKYKDIAGFYREVEEQGYYQVKFVDINADYIDELVEQGKLYLFQIYNKDFSPKAHGKPNLHTLYFKALFSEDNLADPIYKLNGEAQIFYRKASLDMNETTIHRAGEVLENKNPDNPKKRQFVYDIIKDKRYTQDKFMLHVPITLNYQAANSPSKFNQRVNAYLKEHPETPIIGIDRGERNLIYITVIDSTGKILEQRSLNTIQQFDYHDKLAAIEKDRDSARKDWWSVVGTIKDLKQGYLSQVIHEIVDLMIHYQAVVVLENLNFGFKSKRTGIAEKAVYQQFEKMLIDKLNCLVLKDYPAEKVGGVLNPYQLTDQFTSFAKMGTQSGFLFYVPAAWNTSKIDPETGFVDLLKPRYENIAQSQAFFGKFDKICYNTDKGYFEFHIDYAKFTDKAKNSRQKWAICSHGDKRYVYDKTANQNKGAAKGINVNDELKSLFARYHINDKQPNLVMDICQNNDKEFHKSLMCLLKTLLALRYSNASSDEDFILSPVANDEGVFFNSALADDTQPQNAFTLVCAYSSHSLFEIAILTLSNFS,337800e699064cbe0aee67369567d0c022b45a822abd6588a6b28d26b1503d4a,-19.04565737709755,-28.578643722534185,-39.69151554107666,-39.69151554107666,-28.74653549194336,-27.063049443562825,-26.945850118001303,-27.332266108194986,-27.0599063873291,-26.80381336212158,-27.54144179026286,-27.368210538228354,-27.23384844462077,-6.518980269522109,False
LLLFAAFLAAL,MSKLEKFTNCYSLSKTLRFKAIPVGGKTQENIDNKRLLVEDEKRAEDYKGVKKLLDRYYLSFINDVLHSIKLKNLNNYISLFRKKTRTEKENKELENLEINLRKEIAKAFKGNEGYKSLFKKDIIETILPEFLDDKDEIALVNSFNGFTTAFTGFFDNRENMFSEEAKSTSIAFRCINENLTRYISNMDIFEKVDAIFDKHEVQEIKEKILNSDYDVEDFFEGEFFNFVLTQEGIDVYNAIIGGFVTESGEKIKGLNEYINLYNQKTKQKLPKFKPLYKQVLSDRESLSSFYGEGYTSDEEVLEVFRNTLNKNSEIFSSIKKLEKLFKNFDEYSSAGIFVKNGPAISTISKDIFGEWNVIRDKWNAEYDDIHLKKKAVVTEKYEDDRRKSFKKIGSFSLEQLQEYADADLSVVEKLKEIIIQKVDEIYKVYGSSEKLFDADFVLEKSLKKNDAVVAIMKDLLDSVKSFENYIKAFFGEGKETNRDESFYGDFVLAYDILLKVDHIYDAIRNYVTQKPPYSDEKFKLNFENSTLANGWDKNKEPDNTAILFIKDDKYYLGVMNKKNNKIFDDKAIKENKGEGYKKIVYKLLPDAAKMIPKCSTQLKAVTAHFQTHTTPILLSNNFIEPLEITKEIYDLNNPEKEPKKFQTAYAKKTGDQKGYREALCKWIDFTRDFLSKYTKTTSIDLSSLRPSSQYKDLGEYYAELNPLLYYHISFQRIAEKEIMDAVETGKLYLFQIYNKDFAKGHHGKPNLHTLYWTGLFSPENLAKTSIKLNGQAELFYRPKSRMKRMAHRLGEKMLNKKLKDQKTPIPDTLYQELYDYVNHRLSHDLSDEARALLPNVITKEVSHEIIKDRRFTSDKFFFHVPITINFKSSGANKFNDEINLLLKEKANDVHILSIDRGERHLAYYTLVDGKGNIIKQDTFNIIGNDRMKTNYHSLLDKKEKERFEARQNWWSVVGTIKDLKQGYLSQVIHEIVDLMIHYQAVVVLENLNFGFKSKRTGIAEKAVYQQFEKMLIDKLNCLVLKDYPAEKVGGVLNPYQLTDQFTSFAKMGTQSGFLFYVPAAPYTSKIDPLTGFVDPFVWKTIKNHESRKHFLEGFDFLHYDVKTGDFILHFKMNRNLSFQRGLPGFMPAWDIVFEKNETQFDAKGTPFIAGKRIVPVIENHRFTGRYRDLYPANELIALLEEKGIVFRDGSNILPKLLENDDSHAIDTMVALIRSVLQMRNSNAATGEDYINSPVRDLNGVCFDSRFQNPEWPMDAFTLVCAYSSHSLFEIAILTLSNFS,2047954f68e7896a7640360e73f892ac973b781bce289f15a23eb072576be9c7,-19.16227127388816,-29.010407632191978,-41.84422353108724,-41.84422353108724,-30.170010121663413,-28.221484438578287,-27.93700428009033,-26.639815266927084,-27.242643928527833,-26.811390177408853,-26.946417808532715,-27.41664562225342,-26.874441146850586,-6.519036768943883,False
LLLLFFAFMFA,MSKLEKFTNCYSLSKTLRFKAIPVGGKTQENIDNKRLLVEDEKRAEDYKGVKKLLDRYYLSFINDVLHSIKLKNLNNYISLFRKKTRTEKENKELENLEINLRKEIAKAFKGNEGYKSLFKKDIIETILPEFLDDKDEIALVNSFNGFTTAFTGFFDNRENMFSEEAKSTSIAFRCINENLTRYISNMDIFEKVDAIFDKHEVQEIKEKILNSDYDVEDFFEGEFFNFVLTQEGIDVYNAIIGGFVTESGEKIKGLNEYINLYNQKTKQKLPKFKPLYKQVLSDRESLSSFYGEGYTSDEEVLEVFRNTLNKNSEIFSSIKKLEKLFKNFDEYSSAGIFVKNGPAISTISKDIFGEWNVIRDKWNAEYDDIHLKKKAVVTEKYEDDRRKSFKKIGSFSLEQLQEYADADLSVVEKLKEIIIQKVDEIYKVYGSSEKLFDADFVLEKSLKKNDAVVAIMKDLLDSVKSFENYIKAFFGEGKETNRDESFYGDFVLAYDILLKVDHIYDAIRNYVTQKPPYSKDKFKLYFQNPQFMGGWDKDKETDYRATILRYGSKYYLAIMDKKYAKCLQKIDKDDVNGNYEKINYKLLPGANKMLPKVFFSAKSIKFYNPSEDILRIRNHSTHTKNGSPQKGYEKFEFNIEDCRKFIDFYKQSISKHPEWKDFGFRFSDTQRYNSIDEFYREVENQGYYKLTFENISESYIDSVVNQGKLYLFQIYNKDFSAYSKGRPNLHTLYWKALFDERNLQDVVYKLNGEAELFYRKQSIPKKITHPAKEAIANKNKDNPKKESVFEYDLIKDKRFTEDKFFFHCPITLNYQAANSPSKFNQRVNAYLKEHPETPIIGIDRGERNLIYITVIDSTGKILEQRSLNTIQQFDYHDKLAAIEKDRDSARKDWWGEIETIKELKSGYLSHVVHQINQLMLKYNAIVVLEDLNFGFKRGRFKVEKQIYQNFENALIKKLNHLVLKDKADDEIGSYKNALQLTNNFTDLKSIGKQTGFLFYVPAAGFTSKICPVTGFVNQLYPKYESVSKSQEFFSKFDKICYNLDKGYFEFSFDYKNFGDKAAKGKWTIASFGSRLINFRNSDKNHNWDTREVYPTKELEKLLKDYSIEYGHGECIKAAICGESDKKFFAKLTSVLNTILQMRNSKTGTELDYLISPVADVNGNFFDSRQAPKNMPQDADANGAYHIALKGQLLLNHLKESKDLKLQNGISNQDWLAYIQELRN,9389c445dd9b936ac48bbc2692378bea9b04ded022442f7d8937a08f20b52d29,-19.25148714272902,-29.21489002227783,-41.84422365824381,-41.84422365824381,-30.170010248819988,-28.601488049825033,-27.95561014811198,-26.57286001841227,-27.393855857849122,-26.998141034444174,-27.43591594696045,-27.35809408823649,-27.818701171875,-6.519453757093066,False
MLLFLFMFLAL,EEKGSMGIHGVPAALFQDFTHLYPLSKTVRFELKPQGGKTQENIDNKRLLVEDEKRAEDYKGVKKLLDRYYLSFINDVLHSIKLKNLNNYISLFRKKTRTEKENKELENLEINLRKEIAKAFKGNEGYKSLFKKDIIETILPEFLDDKDEIALVNSFNGFTTAFTGFFDNRENMFSEEAKSTSIAFRCINENLTRYISNMDIFEKVDAIFDKHEVQEIKEKILNSDYDVEDFFEGEFFNFVLTQEGIDVYNAIIGGFVTESGEKIKGLNEYINLYNQKTKQKLPKFKPLYKQVLSDRESLSSFYGEGYTSDEEVLEVFRNTLNKNSEIFSSIKKLEKLFKNFDEYSSAGIFVKNGPAISTISKDIFGEWNVIRDKWNAEYDDIHLKKKAVVTEKYEDDRRKSFKKIGSFSLEQLQEYADADLSVVEKLKEIIIQKVDEIYKVYGSSEKLFDADFVLEKSLKKNDAVVAIMKDLLDSVKSFENYIKAFFGEGKETNRDESFYGDFVLAYDILLKVDHIYDAIRNYVTQKPPYSDEKFKLNFENSTLANGWDKNKEPDNTAILFIKDDKYYLGVMNKKNNKIFDDKAIKENKGEGYKKIVYKLLPGPNKMLPKVFFSKKWMAYYNPSEDIQKIYKNGTFKKGDMFNLNDCHKLIDFFKDSISRYPKWSNAYDFNFSETEKYKDIAGFYREVEEQGYYKLTFENISESYIDSVVNQGKLYLFQIYNKDFSAYSKGRPNLHTLYWKALFDERNLQDVVYKLNGEAELFYRKQSIPKKITHPAKEAIANKNKDNPKKESVFEYDLIKDKRFTEDKFFFHCPITMNFGVQGMTIKEFNKKVNQSIQQYDEVNVIGIDRGERHLLYLTVINSKGEILEQRSLNDITTASANGTQVTTYHDKLAAIEKDRDSARKDWWTSIENIKELKAGYISQVVHKICELVEKYDAVIALEDLNSGFKNSRVKVEKQVYQKFEKMLIDKLNYMVDKKSNPCATGGALKGYQITNKFESFKSMSTQNGFIFYIPAAPYTSKIDPLTGFVDPFVWKTIKNHESRKHFLEGFDFLHYDVKTGDFILHFKMNRNLSFQRGLPGFMPAWDIVFEKNETQFDAKGTPFIAGKRIVPVIENHRFTGRYRDLYPANELIALLEEKGIVFRDGSNILPKLLENDDSHAIDTMVALIRSVLQMRNSNAATGEDYINSPVRDLNGVCFDSRFQNPEWPMDAFTLVCAYSSHSLFEIAILTLSNFS,5e6420c6045c80dc9e49ec7ded482c9e109836ad3db5d2594fd30ebe949efcfb,-19.216900500373292,-28.6868498357137,-37.96759141286214,-37.96759141286214,-30.514144452412925,-28.10933672587077,-27.63159523010254,-26.641312726338704,-26.938232358296712,-27.560161463419597,-27.689210828145345,-26.973358472188313,-26.8435546875,-6.520536535665048,False
LFMFLLLFALF,MSKLEKFTNCYSLSKTLRFKAIPVGGKTLENIKARGLILDDEKRAKDYKKAKQIIDKYHQFFIEEILSSVCISEDLLQNYSDVYFKLKKSDDDNLQKDFKSAKDTIKKQISEYIKDSEKFKNLFNQNLIDAKKGQESDLILWLKQSKDNGIELFKANSDITDIDEALEIIKSFKGWTTYFKGFHENRKNVYSSNDIPTSIIYRIVDDNLPKFLENKAKYESLKDKAPEAINYEQIKKDLAEELTFDIDYKTSEVNQRVFSLDEVFEIANFNNYLNQSGITKFNTIIGGKFVNGENTKRKGINEYINLYSQQINDKTLKKYKMSVLFKQILSDTESKSSFLPSKFADDSEMCQAVNEFYRHYTDVFAKVQSLFDGFDDHQKDGIYVEHKNLNELSKQAFGDFALLGRVLDGYYVDVVNPEFNERFAKAKTDNAKAKLTKEKDKFIKGVHSLASLEQAIEHHTARHDDESVQAGKLGQYFKHGLAGVDNPIQKIHNNHSTIKGFLERERPAGERALPKIKSGKNPEMTQLRQLKELLDNALNVAHFAKLLTTKTTLDNQDGNFYGEFGVLYDELAKIPTLYNKVRDYLSQKPPYSDEKFKLNFENSTLANGWDKNKEPDNTAILFIKDDKYYLGVMNKKNNKIFDDKAIKENKGEGYKKIVYKLLPGPNKMLPKVFFSKKWMAYYNPSEDIQKIYKNGTFKKGDMFNLNDCHKLIDFFKDSISRYPKWSNAYDFNFSETEKYKDIAGFYREVEEQGYYKVSFESASKKEVDKLVEEGKLYMFQIYNKDFSDKSHGTPNLHTMYFKLLFDENNHGQIRLSGGAELFMRRASLKKEELVVHPANSPIANKNPDNPKKTTTLSYDVYKDKRFSEDQYELHIPIAINKCPKNIFKINTEVRVLLKHDDNPYVIGIDRGERNLLYIVVVDGKGNIVEQYSLNEIINNFNGIRIKTDYHDKLAAIEKDRDSARKDWWSVVGTIKDLKQGYLSQVIHEIVDLMIHYQAVVVLENLNFGFKSKRTGIAEKAVYQQFEKMLIDKLNCLVLKDYPAEKVGGVLNPYQLTDQFTSFAKMGTQSGFLFYVPAAWLTSKIDPSTGFVNLLKTKYTSIADSKKFISSFDRIMYVPEEDLFEFALDYKNFSRTDADYIKKWKLYSYGNRIRIFRNPKKNNVFDWEEVCLTSAYKELFNKYGINYQQGDIRALLCEQSDKAFYSSFMALMSLMLQMRNSITGRTDVDFLISPVKNSDGIFYDSRNYEAQENAILPKNAILHELKILFIFDNQ,a5b086db4778a0175d12ea33e7c36fd3c8359f81285ece3d52d516fb7d20e77b,-19.025668214482767,-28.731148647659126,-41.52560405731201,-41.52560405731201,-28.6496555964152,-26.894690068562827,-26.833864784240724,-27.42354876200358,-27.132441775004068,-26.97637875874837,-27.432044474283853,-27.322321510314943,-27.120936689705683,-6.521154070048677,False
MFAFFFFLALA,EEKGSMGIHGVPAALFQDFTHLYPLSKTVRFELKPQGGKTLENIKARGLILDDEKRAKDYKKAKQIIDKYHQFFIEEILSSVCISEDLLQNYSDVYFKLKKSDDDNLQKDFKSAKDTIKKQISEYIKDSEKFKNLFNQNLIDAKKGQESDLILWLKQSKDNGIELFKANSDITDIDEALEIIKSFKGWTTYFKGFHENRKNVYSSNDIPTSIIYRIVDDNLPKFLENKAKYESLKDKAPEAINYEQIKKDLAEELTFDIDYKTSEVNQRVFSLDEVFEIANFNNYLNQSGITKFNTIIGGKFVNGENTKRKGINEYINLYSQQINDKTLKKYKMSVLFKQILSDTESKSSFILEEFKSDEEVIQSFCKYKTLLRNENVLETAEALFNELNSIDLTHIFISHKKLETISSALCDHWDTLRNALYERRISELTGKITKSAKEKVQRSLKHEDINLQEIISAAGKELSEAFKQKTSEILSHAHAALDQPLPTTLKKQEEKEILKSQLDSLLGLYHLLDWFAVDESNEVDPEFSARLTGIKLEMEPSLSFYNKARNYATKKPPYSDEKFKLNFENSTLANGWDKNKEPDNTAILFIKDDKYYLGVMNKKNNKIFDDKAIKENKGEGYKKIVYKLLPGANKMLPKVFFSAKSIKFYNPSEDILRIRNHSTHTKNGSPQKGYEKFEFNIEDCRKFIDFYKQSISKHPEWKDFGFRFSDTQRYNSIDEFYREVENQGYYKLTFENISESYIDSVVNQGKLYLFQIYNKDFSAYSKGRPNLHTLYWKALFDERNLQDVVYKLNGEAELFYRKQSIPKKITHPAKEAIANKNKDNPKKESVFEYDLIKDKRFTEDKFFFHCPITINFKSSGANKFNDEINLLLKEKANDVHILSIDRGERHLAYYTLVDGKGNIIKQDTFNIIGNDRMKTNYHSLLDKKEKERFEARQNWWSVVGTIKDLKQGYLSQVIHEIVDLMIHYQAVVVLENLNFGFKSKRTGIAEKAVYQQFEKMLIDKLNCLVLKDYPAEKVGGVLNPYQLTDQFTSFAKMGTQSGFLFYVPAAWLTSKIDPSTGFVNLLKTKYTSIADSKKFISSFDRIMYVPEEDLFEFALDYKNFSRTDADYIKKWKLYSYGNRIRIFRNPKKNNVFDWEEVCLTSAYKELFNKYGINYQQGDIRALLCEQSDKAFYSSFMALMSLMLQMRNSITGRTDVDFLISPVKNSDGIFYDSRNYEAQENAILPKNADANGAYHIALKGQLLLNHLKESKDLKLQNGISNQDWLAYIQELRN,ae21b25a1505bbae5bc324c409ca4effabe5836843ffab5ae61081442818dee8,-19.131348157428445,-28.421039485931395,-37.81569817860921,-37.81569817860921,-28.45358403523763,-27.5060422261556,-27.26488520304362,-26.37139320373535,-27.28686040242513,-26.953980255126954,-27.044772720336915,-27.484226608276366,-28.028952026367186,-6.521220927969763,False
FLLMFLLFAAF,MSIYQEFVNKYSLSKTLRFELIPQGGKTQENIDNKRLLVEDEKRAEDYKGVKKLLDRYYLSFINDVLHSIKLKNLNNYISLFRKKTRTEKENKELENLEINLRKEIAKAFKGNEGYKSLFKKDIIETILPEFLDDKDEIALVNSFNGFTTAFTGFFDNRENMFSEEAKSTSIAFRCINENLTRYISNMDIFEKVDAIFDKHEVQEIKEKILNSDYDVEDFFEGEFFNFVLTQEGIDVYNAIIGGFVTESGEKIKGLNEYINLYNQKTKQKLPKFKPLYKQVLSDRESLSSFYGEGYTSDEEVLEVFRNTLNKNSEIFSSIKKLEKLFKNFDEYSSAGIFVKNGPAISTISKDIFGEWNVIRDKWNAEYDDIHLKKKAVVTEKYEDDRRKSFKKIGSFSLEQLQEYADADLSVVEKLKEIIIQKVDEIYKVYGSSEKLFDADFVLEKSLKKNDAVVAIMKDLLDSVKSFENYIKAFFGEGKETNRDESFYGDFVLAYDILLKVDHIYDAIRNYVTQKPPFSTEKYKLNFGNPTLLNGWDLNKEKDNFGVILQKDGCYYLALLDKAHKKVFDNAPNTGKNVYQKMVYKLLPGANKMLPKVFFSAKSIKFYNPSEDILRIRNHSTHTKNGSPQKGYEKFEFNIEDCRKFIDFYKQSISKHPEWKDFGFRFSDTQRYNSIDEFYREVENQGYYKVSFESASKKEVDKLVEEGKLYMFQIYNKDFSDKSHGTPNLHTMYFKLLFDENNHGQIRLSGGAELFMRRASLKKEELVVHPANSPIANKNPDNPKKTTTLSYDVYKDKRFSEDQYELHIPIAINKCPKNIFKINTEVRVLLKHDDNPYVIGIDRGERNLLYIVVVDGKGNIVEQYSLNEIINNFNGIRIKTDYHDKLAAIEKDRDSARKDWWSVVGTIKDLKQGYLSQVIHEIVDLMIHYQAVVVLENLNFGFKSKRTGIAEKAVYQQFEKMLIDKLNCLVLKDYPAEKVGGVLNPYQLTDQFTSFAKMGTQSGFLFYVPAAPYTSKIDPLTGFVDPFVWKTIKNHESRKHFLEGFDFLHYDVKTGDFILHFKMNRNLSFQRGLPGFMPAWDIVFEKNETQFDAKGTPFIAGKRIVPVIENHRFTGRYRDLYPANELIALLEEKGIVFRDGSNILPKLLENDDSHAIDTMVALIRSVLQMRNSNAATGEDYINSPVRDLNGVCFDSRFQNPEWPMDAILHELKILFIFDNQ,bc37792c085a0d69f34805045dc7492c4de75a78d0578b6a4b9f2304d3233e30,-19.24040664326949,-28.970541229905752,-39.96994946797689,-39.96994946797689,-30.375850995381672,-28.391682370503744,-28.11348056793213,-27.164873059590658,-27.29473260243734,-26.947858556111655,-27.540666580200195,-27.237919998168945,-26.66839810075431,-6.522205794029778,False
MLLFLLALFMF,EEKGSMGIHGVPAALFQDFTHLYPLSKTVRFELKPQGGKTQENIDNKRLLVEDEKRAEDYKGVKKLLDRYYLSFINDVLHSIKLKNLNNYISLFRKKTRTEKENKELENLEINLRKEIAKAFKGNEGYKSLFKKDIIETILPEFLDDKDEIALVNSFNGFTTAFTGFFDNRENMFSEEAKSTSIAFRCINENLTRYISNMDIFEKVDAIFDKHEVQEIKEKILNSDYDVEDFFEGEFFNFVLTQEGIDVYNAIIGGFVTESGEKIKGLNEYINLYNQKTKQKLPKFKPLYKQVLSDRESLSSFYGEGYTSDEEVLEVFRNTLNKNSEIFSSIKKLEKLFKNFDEYSSAGIFVKNGPAISTISKDIFGEWNVIRDKWNAEYDDIHLKKKAVVTEKYEDDRRKSFKKIGSFSLEQLQEYADADLSVVEKLKEIIIQKVDEIYKVYGSSEKLFDADFVLEKSLKKNDAVVAIMKDLLDSVKSFENYIKAFFGEGKETNRDESFYGDFVLAYDILLKVDHIYDAIRNYVTQKPPYSDEKFKLNFENSTLANGWDKNKEPDNTAILFIKDDKYYLGVMNKKNNKIFDDKAIKENKGEGYKKIVYKLLPGPNKMLPKVFFSKKWMAYYNPSEDIQKIYKNGTFKKGDMFNLNDCHKLIDFFKDSISRYPKWSNAYDFNFSETEKYKDIAGFYREVEEQGYYKVSFESASKKEVDKLVEEGKLYMFQIYNKDFSDKSHGTPNLHTMYFKLLFDENNHGQIRLSGGAELFMRRASLKKEELVVHPANSPIANKNPDNPKKTTTLSYDVYKDKRFSEDQYELHIPITLNYQAANSPSKFNQRVNAYLKEHPETPIIGIDRGERNLIYITVIDSTGKILEQRSLNTIQQFDYHSLLDKKEKERFEARQNWWKKINNIKEMKEGYLSQVVHEIAKLVIEYNAIVVFEDLNFGFKRGRFKVEKQVYQKLEKMLIEKLNYLVFKDNEFDKTGGVLRAYQLTAPFETFKKMGKQTGIIYYVPAAWNTSKIDPETGFVDLLKPRYENIAQSQAFFGKFDKICYNTDKGYFEFHIDYAKFTDKAKNSRQKWAICSHGDKRYVYDKTANQNKGAAKGINVNDELKSLFARYHINDKQPNLVMDICQNNDKEFHKSLMCLLKTLLALRYSNASSDEDFILSPVANDEGVFFNSALADDTQPQNAILHELKILFIFDNQ,31c01960c4a45cd08d08b0bea85202ac9b302abdc712c866d51898675ad4c196,-19.278969602872174,-28.744255177508826,-37.96759141286214,-37.96759141286214,-30.514144452412925,-28.10933672587077,-27.63159523010254,-27.359914843241373,-27.096677335103355,-26.385477828979493,-27.32700881958008,-27.793426450093587,-27.257378676842,-6.522646424174309,False
MAMFALAFALL,EEKGSMGIHGVPAALFQDFTHLYPLSKTVRFELKPQGGKTLKHIQEQGFIEEDKARNDHYKELKPIIDRIYKTYADQCLQLVQLDWENLSAAIDSYRKEKTEETRNALIEEQATYRNAIHDYFIGRTDNLTDAINKRHAEIYKGLFKAELFNGKVLKQLGTVTTTEHENALLRSFDKFTTYFSGFYENRKNVFSAEDISTAIPHRIVQDNFPKFKENCHIFTRLITAVPSLREHFENVKKAIGIFVSTSIEEVFSFPFYNQLLTQTQIDLYNQLLGGISREAGTEKIKGLNEVLNLAIQKNDETAHIIASLPHRFIPLFKQILSDRNTLSSFLPSKFADDSEMCQAVNEFYRHYTDVFAKVQSLFDGFDDHQKDGIYVEHKNLNELSKQAFGDFALLGRVLDGYYVDVVNPEFNERFAKAKTDNAKAKLTKEKDKFIKGVHSLASLEQAIEHHTARHDDESVQAGKLGQYFKHGLAGVDNPIQKIHNNHSTIKGFLERERPAGERALPKIKSGKNPEMTQLRQLKELLDNALNVAHFAKLLTTKTTLDNQDGNFYGEFGVLYDELAKIPTLYNKVRDYLSQKPPYSDEKFKLNFENSTLANGWDKNKEPDNTAILFIKDDKYYLGVMNKKNNKIFDDKAIKENKGEGYKKIVYKLLPDAAKMIPKCSTQLKAVTAHFQTHTTPILLSNNFIEPLEITKEIYDLNNPEKEPKKFQTAYAKKTGDQKGYREALCKWIDFTRDFLSKYTKTTSIDLSSLRPSSQYKDLGEYYAELNPLLYYKVSFESASKKEVDKLVEEGKLYMFQIYNKDFSDKSHGTPNLHTMYFKLLFDENNHGQIRLSGGAELFMRRASLKKEELVVHPANSPIANKNPDNPKKTTTLSYDVYKDKRFSEDQYELHIPITLNYQAANSPSKFNQRVNAYLKEHPETPIIGIDRGERNLIYITVIDSTGKILEQRSLNTIQQFDYHDKLAAIEKDRDSARKDWWSVVGTIKDLKQGYLSQVIHEIVDLMIHYQAVVVLENLNFGFKSKRTGIAEKAVYQQFEKMLIDKLNCLVLKDYPAEKVGGVLNPYQLTDQFTSFAKMGTQSGFLFYVPAAWLTSKIDPSTGFVNLLKTKYTSIADSKKFISSFDRIMYVPEEDLFEFALDYKNFSRTDADYIKKWKLYSYGNRIRIFRNPKKNNVFDWEEVCLTSAYKELFNKYGINYQQGDIRALLCEQSDKAFYSSFMALMSLMLQMRNSITGRTDVDFLISPVKNSDGIFYDSRNYEAQENAILPKNAFTLVCAYSSHSLFEIAILTLSNFS,0f121a7cbde89548faccb8842e9c274c53884f3679b875d7e6b7e3cff6a2b225,-19.049956927451955,-28.42698439280192,-37.63892091115316,-37.63892091115316,-29.172681872049967,-26.898439343770345,-27.13027006785075,-26.9530766805013,-26.864143053690594,-27.019838460286458,-27.746298535664877,-27.532442728678387,-27.313732274373372,-6.523517221552853,False
FLFALFFFMFM,MSIYQEFVNKYSLSKTLRFELIPQGGKTQENIDNKRLLVEDEKRAEDYKGVKKLLDRYYLSFINDVLHSIKLKNLNNYISLFRKKTRTEKENKELENLEINLRKEIAKAFKGNEGYKSLFKKDIIETILPEFLDDKDEIALVNSFNGFTTAFTGFFDNRENMFSEEAKSTSIAFRCINENLTRYISNMDIFEKVDAIFDKHEVQEIKEKILNSDYDVEDFFEGEFFNFVLTQEGIDVYNAIIGGFVTESGEKIKGLNEYINLYNQKTKQKLPKFKPLYKQVLSDRESLSSFVIDKLEDDSDVVTTMQSFYEQIAAFKTVEEKSIKETLSLLFDDLKAQKLDLSKIYFKNDKSLTDLSQQVFDDYSVIGTAVLEYITQQIAPKNLDNPSKKEQELIAKKTEKAKYLSLETIKLALEEFNKHRDIDKQCRFEEILANFAAIPMIFDEIAQNKDNLAQISIKYQNQGKKDLLQASAEDDVKAIKDLLDQTNNLLHKLKIFHISQSEDKANILDKDEHFYLVFEECYFELANIVPLYNKIRNYITQKPPYSVEKFKLNFQMPTLASGWDVNKEKNNGAILFVKNGLYYLGIMPKQKGRYKALSFEPTEKTSEGFDKMYYDYFPGPNKMLPKVFFSKKWMAYYNPSEDIQKIYKNGTFKKGDMFNLNDCHKLIDFFKDSISRYPKWSNAYDFNFSETEKYKDIAGFYREVEEQGYYKLTFENISESYIDSVVNQGKLYLFQIYNKDFSAYSKGRPNLHTLYWKALFDERNLQDVVYKLNGEAELFYRKQSIPKKITHPAKEAIANKNKDNPKKESVFEYDLIKDKRFTEDKFFFHCPITINFKSSGANKFNDEINLLLKEKANDVHILSIDRGERHLAYYTLVDGKGNIIKQDTFNIIGNDRMKTNYHDKLAAIEKDRDSARKDWWGEIETIKELKSGYLSHVVHQINQLMLKYNAIVVLEDLNFGFKRGRFKVEKQIYQNFENALIKKLNHLVLKDKADDEIGSYKNALQLTNNFTDLKSIGKQTGFLFYVPAAGFTSKICPVTGFVNQLYPKYESVSKSQEFFSKFDKICYNLDKGYFEFSFDYKNFGDKAAKGKWTIASFGSRLINFRNSDKNHNWDTREVYPTKELEKLLKDYSIEYGHGECIKAAICGESDKKFFAKLTSVLNTILQMRNSKTGTELDYLISPVADVNGNFFDSRQAPKNMPQDADANGAYHIALKGLWLLNELKNSDDLNKVKLAIDNQTWLNFAQNR,e5ccffefe9812698706c202c57c43db56808c62a75d1ae122af8ba7574a9195f,-19.200488606420084,-29.0326922861735,-39.96994946797689,-39.96994946797689,-31.319700940450033,-27.98427817026774,-27.13691298166911,-26.635960324605307,-27.302796618143717,-27.36608804066976,-27.27634480794271,-27.45468807220459,-27.880203437805175,-6.523801564288705,False
MFMMALMFALA,EEKGSMGIHGVPAALFQDFTHLYPLSKTVRFELKPQGGKTLENIKARGLILDDEKRAKDYKKAKQIIDKYHQFFIEEILSSVCISEDLLQNYSDVYFKLKKSDDDNLQKDFKSAKDTIKKQISEYIKDSEKFKNLFNQNLIDAKKGQESDLILWLKQSKDNGIELFKANSDITDIDEALEIIKSFKGWTTYFKGFHENRKNVYSSNDIPTSIIYRIVDDNLPKFLENKAKYESLKDKAPEAINYEQIKKDLAEELTFDIDYKTSEVNQRVFSLDEVFEIANFNNYLNQSGITKFNTIIGGKFVNGENTKRKGINEYINLYSQQINDKTLKKYKMSVLFKQILSDTESKSSFLPSKFADDSEMCQAVNEFYRHYTDVFAKVQSLFDGFDDHQKDGIYVEHKNLNELSKQAFGDFALLGRVLDGYYVDVVNPEFNERFAKAKTDNAKAKLTKEKDKFIKGVHSLASLEQAIEHHTARHDDESVQAGKLGQYFKHGLAGVDNPIQKIHNNHSTIKGFLERERPAGERALPKIKSGKNPEMTQLRQLKELLDNALNVAHFAKLLTTKTTLDNQDGNFYGEFGVLYDELAKIPTLYNKVRDYLSQKPPFSTEKYKLNFGNPTLLNGWDLNKEKDNFGVILQKDGCYYLALLDKAHKKVFDNAPNTGKNVYQKMVYKLLPDAAKMIPKCSTQLKAVTAHFQTHTTPILLSNNFIEPLEITKEIYDLNNPEKEPKKFQTAYAKKTGDQKGYREALCKWIDFTRDFLSKYTKTTSIDLSSLRPSSQYKDLGEYYAELNPLLYYKVSFESASKKEVDKLVEEGKLYMFQIYNKDFSDKSHGTPNLHTMYFKLLFDENNHGQIRLSGGAELFMRRASLKKEELVVHPANSPIANKNPDNPKKTTTLSYDVYKDKRFSEDQYELHIPITMNFGVQGMTIKEFNKKVNQSIQQYDEVNVIGIDRGERHLLYLTVINSKGEILEQRSLNDITTASANGTQVTTYHDKLAAIEKDRDSARKDWWSVVGTIKDLKQGYLSQVIHEIVDLMIHYQAVVVLENLNFGFKSKRTGIAEKAVYQQFEKMLIDKLNCLVLKDYPAEKVGGVLNPYQLTDQFTSFAKMGTQSGFLFYVPAAWLTSKIDPSTGFVNLLKTKYTSIADSKKFISSFDRIMYVPEEDLFEFALDYKNFSRTDADYIKKWKLYSYGNRIRIFRNPKKNNVFDWEEVCLTSAYKELFNKYGINYQQGDIRALLCEQSDKAFYSSFMALMSLMLQMRNSITGRTDVDFLISPVKNSDGIFYDSRNYEAQENAILPKNADANGAYHIALKGQLLLNHLKESKDLKLQNGISNQDWLAYIQELRN,5db3b8b9a3e9d2390b06c50656c1adba6a6b3f2c6d025ff504ae326cc1a49dba,-19.0014786031388,-28.40609591801961,-37.81569817860921,-37.81569817860921,-28.59827340443929,-26.937523142496744,-27.117502403259277,-26.797351264953612,-26.311271095275877,-27.511087926228843,-27.627346229553222,-27.434780565897622,-27.91012496948242,-6.523875639968842,False
LLMAAFLFLFM,MSKLEKFTNCYSLSKTLRFKAIPVGGKTQENIDNKRLLVEDEKRAEDYKGVKKLLDRYYLSFINDVLHSIKLKNLNNYISLFRKKTRTEKENKELENLEINLRKEIAKAFKGNEGYKSLFKKDIIETILPEFLDDKDEIALVNSFNGFTTAFTGFFDNRENMFSEEAKSTSIAFRCINENLTRYISNMDIFEKVDAIFDKHEVQEIKEKILNSDYDVEDFFEGEFFNFVLTQEGIDVYNAIIGGFVTESGEKIKGLNEYINLYNQKTKQKLPKFKPLYKQVLSDRESLSSFLPSKFADDSEMCQAVNEFYRHYTDVFAKVQSLFDGFDDHQKDGIYVEHKNLNELSKQAFGDFALLGRVLDGYYVDVVNPEFNERFAKAKTDNAKAKLTKEKDKFIKGVHSLASLEQAIEHHTARHDDESVQAGKLGQYFKHGLAGVDNPIQKIHNNHSTIKGFLERERPAGERALPKIKSGKNPEMTQLRQLKELLDNALNVAHFAKLLTTKTTLDNQDGNFYGEFGVLYDELAKIPTLYNKVRDYLSQKPPYSVEKFKLNFQMPTLASGWDVNKEKNNGAILFVKNGLYYLGIMPKQKGRYKALSFEPTEKTSEGFDKMYYDYFPDAAKMIPKCSTQLKAVTAHFQTHTTPILLSNNFIEPLEITKEIYDLNNPEKEPKKFQTAYAKKTGDQKGYREALCKWIDFTRDFLSKYTKTTSIDLSSLRPSSQYKDLGEYYAELNPLLYYKLTFENISESYIDSVVNQGKLYLFQIYNKDFSAYSKGRPNLHTLYWKALFDERNLQDVVYKLNGEAELFYRKQSIPKKITHPAKEAIANKNKDNPKKESVFEYDLIKDKRFTEDKFFFHCPIAINKCPKNIFKINTEVRVLLKHDDNPYVIGIDRGERNLLYIVVVDGKGNIVEQYSLNEIINNFNGIRIKTDYHDKLAAIEKDRDSARKDWWTSIENIKELKAGYISQVVHKICELVEKYDAVIALEDLNSGFKNSRVKVEKQVYQKFEKMLIDKLNYMVDKKSNPCATGGALKGYQITNKFESFKSMSTQNGFIFYIPAAGFTSKICPVTGFVNQLYPKYESVSKSQEFFSKFDKICYNLDKGYFEFSFDYKNFGDKAAKGKWTIASFGSRLINFRNSDKNHNWDTREVYPTKELEKLLKDYSIEYGHGECIKAAICGESDKKFFAKLTSVLNTILQMRNSKTGTELDYLISPVADVNGNFFDSRQAPKNMPQDADANGAYHIALKGLWLLNELKNSDDLNKVKLAIDNQTWLNFAQNR,2a0cb5e054bf123003eaf9ece94b220f95240e57aa4b71a9d47efc67cbe04e44,-19.114578810516097,-29.03592945098877,-41.84422353108724,-41.84422353108724,-30.267450014750164,-27.58423531850179,-27.230833943684896,-26.150029436747232,-27.376367823282877,-26.995164744059245,-27.491232999165852,-27.373896725972493,-28.045859972635906,-6.524221778774063,False
MALLLFFFLMM,EEKGSMGIHGVPAALFQDFTHLYPLSKTVRFELKPQGGKTLKHIQEQGFIEEDKARNDHYKELKPIIDRIYKTYADQCLQLVQLDWENLSAAIDSYRKEKTEETRNALIEEQATYRNAIHDYFIGRTDNLTDAINKRHAEIYKGLFKAELFNGKVLKQLGTVTTTEHENALLRSFDKFTTYFSGFYENRKNVFSAEDISTAIPHRIVQDNFPKFKENCHIFTRLITAVPSLREHFENVKKAIGIFVSTSIEEVFSFPFYNQLLTQTQIDLYNQLLGGISREAGTEKIKGLNEVLNLAIQKNDETAHIIASLPHRFIPLFKQILSDRNTLSSFYGEGYTSDEEVLEVFRNTLNKNSEIFSSIKKLEKLFKNFDEYSSAGIFVKNGPAISTISKDIFGEWNVIRDKWNAEYDDIHLKKKAVVTEKYEDDRRKSFKKIGSFSLEQLQEYADADLSVVEKLKEIIIQKVDEIYKVYGSSEKLFDADFVLEKSLKKNDAVVAIMKDLLDSVKSFENYIKAFFGEGKETNRDESFYGDFVLAYDILLKVDHIYDAIRNYVTQKPPYSKDKFKLYFQNPQFMGGWDKDKETDYRATILRYGSKYYLAIMDKKYAKCLQKIDKDDVNGNYEKINYKLLPGPNKMLPKVFFSKKWMAYYNPSEDIQKIYKNGTFKKGDMFNLNDCHKLIDFFKDSISRYPKWSNAYDFNFSETEKYKDIAGFYREVEEQGYYKLTFENISESYIDSVVNQGKLYLFQIYNKDFSAYSKGRPNLHTLYWKALFDERNLQDVVYKLNGEAELFYRKQSIPKKITHPAKEAIANKNKDNPKKESVFEYDLIKDKRFTEDKFFFHCPITINFKSSGANKFNDEINLLLKEKANDVHILSIDRGERHLAYYTLVDGKGNIIKQDTFNIIGNDRMKTNYHDKLAAIEKDRDSARKDWWTSIENIKELKAGYISQVVHKICELVEKYDAVIALEDLNSGFKNSRVKVEKQVYQKFEKMLIDKLNYMVDKKSNPCATGGALKGYQITNKFESFKSMSTQNGFIFYIPAAWNTSKIDPETGFVDLLKPRYENIAQSQAFFGKFDKICYNTDKGYFEFHIDYAKFTDKAKNSRQKWAICSHGDKRYVYDKTANQNKGAAKGINVNDELKSLFARYHINDKQPNLVMDICQNNDKEFHKSLMCLLKTLLALRYSNASSDEDFILSPVANDEGVFFNSALADDTQPQNADANGAYHIALKGLWLLNELKNSDDLNKVKLAIDNQTWLNFAQNR,2ad741efc01847dbc044802df0d2ee5948adff2c836e8aceb199bdfbb86988cd,-19.159226036279755,-28.640445340474447,-37.63892091115316,-37.63892091115316,-29.030433909098306,-28.327076085408528,-27.128851318359374,-26.744027264912923,-27.25547262827555,-27.439711825052896,-27.62767988840739,-27.192635663350423,-28.01964391072591,-6.525076900421471,False
AFMAMLMFAMF,MTQFEGFTNLYQVSKTLRFELIPQGGKTLENIKARGLILDDEKRAKDYKKAKQIIDKYHQFFIEEILSSVCISEDLLQNYSDVYFKLKKSDDDNLQKDFKSAKDTIKKQISEYIKDSEKFKNLFNQNLIDAKKGQESDLILWLKQSKDNGIELFKANSDITDIDEALEIIKSFKGWTTYFKGFHENRKNVYSSNDIPTSIIYRIVDDNLPKFLENKAKYESLKDKAPEAINYEQIKKDLAEELTFDIDYKTSEVNQRVFSLDEVFEIANFNNYLNQSGITKFNTIIGGKFVNGENTKRKGINEYINLYSQQINDKTLKKYKMSVLFKQILSDTESKSSFLPSKFADDSEMCQAVNEFYRHYTDVFAKVQSLFDGFDDHQKDGIYVEHKNLNELSKQAFGDFALLGRVLDGYYVDVVNPEFNERFAKAKTDNAKAKLTKEKDKFIKGVHSLASLEQAIEHHTARHDDESVQAGKLGQYFKHGLAGVDNPIQKIHNNHSTIKGFLERERPAGERALPKIKSGKNPEMTQLRQLKELLDNALNVAHFAKLLTTKTTLDNQDGNFYGEFGVLYDELAKIPTLYNKVRDYLSQKPPYSVEKFKLNFQMPTLASGWDVNKEKNNGAILFVKNGLYYLGIMPKQKGRYKALSFEPTEKTSEGFDKMYYDYFPGPNKMLPKVFFAKSNLDYYNPSAELLDKYAKGTHKKGDNFNLKDCHALIDFFKAGINKHPEWQHFGFKFSPTSSYRDLSDFYREVEPQGYYKVSFESASKKEVDKLVEEGKLYMFQIYNKDFSDKSHGTPNLHTMYFKLLFDENNHGQIRLSGGAELFMRRASLKKEELVVHPANSPIANKNPDNPKKTTTLSYDVYKDKRFSEDQYELHIPITMNFGVQGMTIKEFNKKVNQSIQQYDEVNVIGIDRGERHLLYLTVINSKGEILEQRSLNDITTASANGTQVTTYHDKLAAIEKDRDSARKDWWSVVGTIKDLKQGYLSQVIHEIVDLMIHYQAVVVLENLNFGFKSKRTGIAEKAVYQQFEKMLIDKLNCLVLKDYPAEKVGGVLNPYQLTDQFTSFAKMGTQSGFLFYVPAAWNTSKIDPETGFVDLLKPRYENIAQSQAFFGKFDKICYNTDKGYFEFHIDYAKFTDKAKNSRQKWAICSHGDKRYVYDKTANQNKGAAKGINVNDELKSLFARYHINDKQPNLVMDICQNNDKEFHKSLMCLLKTLLALRYSNASSDEDFILSPVANDEGVFFNSALADDTQPQNAILHELKILFIFDNQ,869e3beaf7f0518f785f8de37026422c0e08e4621e69f9a6dbb827a11236929f,-19.045630105156597,-28.624719687494736,-40.401654688517254,-40.401654688517254,-28.648512077331542,-27.051983261108397,-26.83285814921061,-27.084103965759276,-26.510438601175945,-27.459856351216633,-27.586181259155275,-27.490836397806802,-27.180772123665644,-6.525160340342828,False
MLMMFMALALA,EEKGSMGIHGVPAALFQDFTHLYPLSKTVRFELKPQGGKTQENIDNKRLLVEDEKRAEDYKGVKKLLDRYYLSFINDVLHSIKLKNLNNYISLFRKKTRTEKENKELENLEINLRKEIAKAFKGNEGYKSLFKKDIIETILPEFLDDKDEIALVNSFNGFTTAFTGFFDNRENMFSEEAKSTSIAFRCINENLTRYISNMDIFEKVDAIFDKHEVQEIKEKILNSDYDVEDFFEGEFFNFVLTQEGIDVYNAIIGGFVTESGEKIKGLNEYINLYNQKTKQKLPKFKPLYKQVLSDRESLSSFLPSKFADDSEMCQAVNEFYRHYTDVFAKVQSLFDGFDDHQKDGIYVEHKNLNELSKQAFGDFALLGRVLDGYYVDVVNPEFNERFAKAKTDNAKAKLTKEKDKFIKGVHSLASLEQAIEHHTARHDDESVQAGKLGQYFKHGLAGVDNPIQKIHNNHSTIKGFLERERPAGERALPKIKSGKNPEMTQLRQLKELLDNALNVAHFAKLLTTKTTLDNQDGNFYGEFGVLYDELAKIPTLYNKVRDYLSQKPPFSTEKYKLNFGNPTLLNGWDLNKEKDNFGVILQKDGCYYLALLDKAHKKVFDNAPNTGKNVYQKMVYKLLPGANKMLPKVFFSAKSIKFYNPSEDILRIRNHSTHTKNGSPQKGYEKFEFNIEDCRKFIDFYKQSISKHPEWKDFGFRFSDTQRYNSIDEFYREVENQGYYQVKFVDINADYIDELVEQGKLYLFQIYNKDFSPKAHGKPNLHTLYFKALFSEDNLADPIYKLNGEAQIFYRKASLDMNETTIHRAGEVLENKNPDNPKKRQFVYDIIKDKRYTQDKFMLHVPITLNYQAANSPSKFNQRVNAYLKEHPETPIIGIDRGERNLIYITVIDSTGKILEQRSLNTIQQFDYHSLLDKKEKERFEARQNWWSVVGTIKDLKQGYLSQVIHEIVDLMIHYQAVVVLENLNFGFKSKRTGIAEKAVYQQFEKMLIDKLNCLVLKDYPAEKVGGVLNPYQLTDQFTSFAKMGTQSGFLFYVPAAWLTSKIDPSTGFVNLLKTKYTSIADSKKFISSFDRIMYVPEEDLFEFALDYKNFSRTDADYIKKWKLYSYGNRIRIFRNPKKNNVFDWEEVCLTSAYKELFNKYGINYQQGDIRALLCEQSDKAFYSSFMALMSLMLQMRNSITGRTDVDFLISPVKNSDGIFYDSRNYEAQENAILPKNADANGAYHIALKGQLLLNHLKESKDLKLQNGISNQDWLAYIQELRN,aa66b462ed25a70bf6f1a4ca6fe5b742c0c8b03df25e75542700ebde481db46d,-19.089602162056728,-28.599333171844478,-37.96759141286214,-37.96759141286214,-30.620030148824057,-27.26284948984782,-27.25111656188965,-27.003899319966635,-27.194871520996095,-26.408153533935547,-27.084984842936198,-27.34468625386556,-27.855148633321125,-6.525217055810352,False
FLFMFAFFAFA,MSIYQEFVNKYSLSKTLRFELIPQGGKTQENIDNKRLLVEDEKRAEDYKGVKKLLDRYYLSFINDVLHSIKLKNLNNYISLFRKKTRTEKENKELENLEINLRKEIAKAFKGNEGYKSLFKKDIIETILPEFLDDKDEIALVNSFNGFTTAFTGFFDNRENMFSEEAKSTSIAFRCINENLTRYISNMDIFEKVDAIFDKHEVQEIKEKILNSDYDVEDFFEGEFFNFVLTQEGIDVYNAIIGGFVTESGEKIKGLNEYINLYNQKTKQKLPKFKPLYKQVLSDRESLSSFVIDKLEDDSDVVTTMQSFYEQIAAFKTVEEKSIKETLSLLFDDLKAQKLDLSKIYFKNDKSLTDLSQQVFDDYSVIGTAVLEYITQQIAPKNLDNPSKKEQELIAKKTEKAKYLSLETIKLALEEFNKHRDIDKQCRFEEILANFAAIPMIFDEIAQNKDNLAQISIKYQNQGKKDLLQASAEDDVKAIKDLLDQTNNLLHKLKIFHISQSEDKANILDKDEHFYLVFEECYFELANIVPLYNKIRNYITQKPPFSTEKYKLNFGNPTLLNGWDLNKEKDNFGVILQKDGCYYLALLDKAHKKVFDNAPNTGKNVYQKMVYKLLPGANKMLPKVFFSAKSIKFYNPSEDILRIRNHSTHTKNGSPQKGYEKFEFNIEDCRKFIDFYKQSISKHPEWKDFGFRFSDTQRYNSIDEFYREVENQGYYHISFQRIAEKEIMDAVETGKLYLFQIYNKDFAKGHHGKPNLHTLYWTGLFSPENLAKTSIKLNGQAELFYRPKSRMKRMAHRLGEKMLNKKLKDQKTPIPDTLYQELYDYVNHRLSHDLSDEARALLPNVITKEVSHEIIKDRRFTSDKFFFHVPITINFKSSGANKFNDEINLLLKEKANDVHILSIDRGERHLAYYTLVDGKGNIIKQDTFNIIGNDRMKTNYHDKLAAIEKDRDSARKDWWSVVGTIKDLKQGYLSQVIHEIVDLMIHYQAVVVLENLNFGFKSKRTGIAEKAVYQQFEKMLIDKLNCLVLKDYPAEKVGGVLNPYQLTDQFTSFAKMGTQSGFLFYVPAAGFTSKICPVTGFVNQLYPKYESVSKSQEFFSKFDKICYNLDKGYFEFSFDYKNFGDKAAKGKWTIASFGSRLINFRNSDKNHNWDTREVYPTKELEKLLKDYSIEYGHGECIKAAICGESDKKFFAKLTSVLNTILQMRNSKTGTELDYLISPVADVNGNFFDSRQAPKNMPQDADANGAYHIALKGQLLLNHLKESKDLKLQNGISNQDWLAYIQELRN,13a7fa36fab7bb9c4bdf117ca8f97656d1108b87eb5c25cd227f03ebd61aa4ea,-19.14649477020727,-29.143106854756677,-39.96994946797689,-39.96994946797689,-31.31970081329346,-27.84491869608561,-27.629895973205567,-26.790747769673665,-27.276187896728516,-27.345031611124675,-27.505190149943033,-27.730991045633953,-28.01845512390137,-6.525239893567654,False
FFLMFFFLLLM,MSIYQEFVNKYSLSKTLRFELIPQGGKTLENIKARGLILDDEKRAKDYKKAKQIIDKYHQFFIEEILSSVCISEDLLQNYSDVYFKLKKSDDDNLQKDFKSAKDTIKKQISEYIKDSEKFKNLFNQNLIDAKKGQESDLILWLKQSKDNGIELFKANSDITDIDEALEIIKSFKGWTTYFKGFHENRKNVYSSNDIPTSIIYRIVDDNLPKFLENKAKYESLKDKAPEAINYEQIKKDLAEELTFDIDYKTSEVNQRVFSLDEVFEIANFNNYLNQSGITKFNTIIGGKFVNGENTKRKGINEYINLYSQQINDKTLKKYKMSVLFKQILSDTESKSSFYGEGYTSDEEVLEVFRNTLNKNSEIFSSIKKLEKLFKNFDEYSSAGIFVKNGPAISTISKDIFGEWNVIRDKWNAEYDDIHLKKKAVVTEKYEDDRRKSFKKIGSFSLEQLQEYADADLSVVEKLKEIIIQKVDEIYKVYGSSEKLFDADFVLEKSLKKNDAVVAIMKDLLDSVKSFENYIKAFFGEGKETNRDESFYGDFVLAYDILLKVDHIYDAIRNYVTQKPPFSTEKYKLNFGNPTLLNGWDLNKEKDNFGVILQKDGCYYLALLDKAHKKVFDNAPNTGKNVYQKMVYKLLPGANKMLPKVFFSAKSIKFYNPSEDILRIRNHSTHTKNGSPQKGYEKFEFNIEDCRKFIDFYKQSISKHPEWKDFGFRFSDTQRYNSIDEFYREVENQGYYKLTFENISESYIDSVVNQGKLYLFQIYNKDFSAYSKGRPNLHTLYWKALFDERNLQDVVYKLNGEAELFYRKQSIPKKITHPAKEAIANKNKDNPKKESVFEYDLIKDKRFTEDKFFFHCPITINFKSSGANKFNDEINLLLKEKANDVHILSIDRGERHLAYYTLVDGKGNIIKQDTFNIIGNDRMKTNYHSLLDKKEKERFEARQNWWTSIENIKELKAGYISQVVHKICELVEKYDAVIALEDLNSGFKNSRVKVEKQVYQKFEKMLIDKLNYMVDKKSNPCATGGALKGYQITNKFESFKSMSTQNGFIFYIPAAWLTSKIDPSTGFVNLLKTKYTSIADSKKFISSFDRIMYVPEEDLFEFALDYKNFSRTDADYIKKWKLYSYGNRIRIFRNPKKNNVFDWEEVCLTSAYKELFNKYGINYQQGDIRALLCEQSDKAFYSSFMALMSLMLQMRNSITGRTDVDFLISPVKNSDGIFYDSRNYEAQENAILPKNADANGAYHIALKGLWLLNELKNSDDLNKVKLAIDNQTWLNFAQNR,5d0be5619763b9f7716402c205bea753cc1535745abfe6b389fbaf5c3e58c39e,-19.11553718065843,-28.566559670766196,-39.69151554107666,-39.69151554107666,-28.708616511027017,-28.000917943318687,-27.49955825805664,-26.216751607259116,-27.124079958597818,-26.76374683380127,-26.908279991149904,-26.92943852742513,-27.82269153594971,-6.5256062177482015,False
